"asdas@mail.ru","Olivia","098765434567890","19","female","Spain"
"azat@afasds.ru","asd","asdfasdf","41","female","Spain"
"d23.alexandr@gmail.com","azat@afasds.ru","asdfasdf","14","male","Russia"
"d23.alexandr@gmail.com","azat@afasds.ru","asdfasdf","14","female","Spain"
"d23.alexandr@gmail.com","azat@afasds.ru","asdfasdf???????????�","female","Spain"
"Nikita@mail.ru","?? ?????�?�?????�","12wer23qwaer","female","Spain"
"Nikita@mail.ru","?? ?????�?�?????�","sdfasdfbfgxzsd","female","Spain""d23.alexandr@gmail.com","Adsafsad","1234trefsdA","female","Spain"
"d23.alexandr@gmail.com","sdfasdxcv","sfdgaEQ3WSD","female","Spain"
"d23.alexandr@gmail.com","azat@afasds.ru","asdfasdfASDFASDF","female","Spain"
"d23.alexandr@gmail.com","azat@afasds.ru","asdfasdfASDFASDF","female","Spain"
